model,parameter_signature,mean_test_score,std_test_score,fold_1_balanced_accuracy,fold_2_balanced_accuracy,fold_3_balanced_accuracy,fold_4_balanced_accuracy,fold_5_balanced_accuracy,param_C,param_class_weight,param_max_depth,param_min_samples_leaf,param_ccp_alpha,param_kernel
LogisticRegression,C=0.1; class_weight=None,0.5124039829302987,0.028351809507247472,0.4945945945945946,0.4891891891891892,0.5182076813655762,0.5654338549075392,0.4945945945945946,0.1,,,,,
LogisticRegression,C=0.1; class_weight=balanced,0.6176386913229018,0.05446671857746096,0.6179231863442389,0.5625889046941679,0.5827880512091038,0.7197724039829303,0.6051209103840682,0.1,balanced,,,,
LogisticRegression,C=1.0; class_weight=None,0.5233285917496444,0.03231855929308278,0.5128022759601707,0.4864864864864865,0.5128022759601707,0.5836415362731152,0.5209103840682788,1.0,,,,,
LogisticRegression,C=1.0; class_weight=balanced,0.6172403982930299,0.0563361492125904,0.6206258890469417,0.5733997155049787,0.5854907539118065,0.7251778093883356,0.5815078236130867,1.0,balanced,,,,
LogisticRegression,C=5.0; class_weight=None,0.5222475106685633,0.031502682375016626,0.510099573257468,0.4864864864864865,0.5128022759601707,0.5809388335704125,0.5209103840682788,5.0,,,,,
LogisticRegression,C=5.0; class_weight=balanced,0.6114366998577525,0.04910672510726726,0.6179231863442389,0.5706970128022759,0.5854907539118065,0.7042674253200569,0.578805120910384,5.0,balanced,,,,
DecisionTreeClassifier,ccp_alpha=0.0; class_weight=None; max_depth=3; min_samples_leaf=1,0.5020199146514936,0.00868171413727179,0.5,0.5,0.4918918918918919,0.5182076813655762,0.5,,,3.0,1.0,0.0,
DecisionTreeClassifier,ccp_alpha=0.0005; class_weight=None; max_depth=3; min_samples_leaf=1,0.5020199146514936,0.00868171413727179,0.5,0.5,0.4918918918918919,0.5182076813655762,0.5,,,3.0,1.0,0.0005,
DecisionTreeClassifier,ccp_alpha=0.001; class_weight=None; max_depth=3; min_samples_leaf=1,0.5020199146514936,0.00868171413727179,0.5,0.5,0.4918918918918919,0.5182076813655762,0.5,,,3.0,1.0,0.001,
DecisionTreeClassifier,ccp_alpha=0.005; class_weight=None; max_depth=3; min_samples_leaf=1,0.5020199146514936,0.00868171413727179,0.5,0.5,0.4918918918918919,0.5182076813655762,0.5,,,3.0,1.0,0.005,
DecisionTreeClassifier,ccp_alpha=0.01; class_weight=None; max_depth=3; min_samples_leaf=1,0.5,0.0,0.5,0.5,0.5,0.5,0.5,,,3.0,1.0,0.01,
DecisionTreeClassifier,ccp_alpha=0.0; class_weight=balanced; max_depth=3; min_samples_leaf=1,0.5284210526315789,0.015302923465205998,0.5318634423897581,0.538122332859175,0.5436699857752489,0.5288762446657184,0.4995732574679943,,balanced,3.0,1.0,0.0,
DecisionTreeClassifier,ccp_alpha=0.0005; class_weight=balanced; max_depth=3; min_samples_leaf=1,0.5284210526315789,0.015302923465205998,0.5318634423897581,0.538122332859175,0.5436699857752489,0.5288762446657184,0.4995732574679943,,balanced,3.0,1.0,0.0005,
DecisionTreeClassifier,ccp_alpha=0.001; class_weight=balanced; max_depth=3; min_samples_leaf=1,0.5284210526315789,0.015302923465205998,0.5318634423897581,0.538122332859175,0.5436699857752489,0.5288762446657184,0.4995732574679943,,balanced,3.0,1.0,0.001,
DecisionTreeClassifier,ccp_alpha=0.005; class_weight=balanced; max_depth=3; min_samples_leaf=1,0.5284210526315789,0.015302923465205998,0.5318634423897581,0.538122332859175,0.5436699857752489,0.5288762446657184,0.4995732574679943,,balanced,3.0,1.0,0.005,
DecisionTreeClassifier,ccp_alpha=0.01; class_weight=balanced; max_depth=3; min_samples_leaf=1,0.5284210526315789,0.015302923465205998,0.5318634423897581,0.538122332859175,0.5436699857752489,0.5288762446657184,0.4995732574679943,,balanced,3.0,1.0,0.01,
DecisionTreeClassifier,ccp_alpha=0.0; class_weight=None; max_depth=3; min_samples_leaf=5,0.5031009957325747,0.0076255280465330815,0.5,0.5,0.4972972972972973,0.5182076813655762,0.5,,,3.0,5.0,0.0,
DecisionTreeClassifier,ccp_alpha=0.0005; class_weight=None; max_depth=3; min_samples_leaf=5,0.5031009957325747,0.0076255280465330815,0.5,0.5,0.4972972972972973,0.5182076813655762,0.5,,,3.0,5.0,0.0005,
DecisionTreeClassifier,ccp_alpha=0.001; class_weight=None; max_depth=3; min_samples_leaf=5,0.5031009957325747,0.0076255280465330815,0.5,0.5,0.4972972972972973,0.5182076813655762,0.5,,,3.0,5.0,0.001,
DecisionTreeClassifier,ccp_alpha=0.005; class_weight=None; max_depth=3; min_samples_leaf=5,0.5020199146514936,0.00868171413727179,0.5,0.5,0.4918918918918919,0.5182076813655762,0.5,,,3.0,5.0,0.005,
DecisionTreeClassifier,ccp_alpha=0.01; class_weight=None; max_depth=3; min_samples_leaf=5,0.5,0.0,0.5,0.5,0.5,0.5,0.5,,,3.0,5.0,0.01,
DecisionTreeClassifier,ccp_alpha=0.0; class_weight=balanced; max_depth=3; min_samples_leaf=5,0.5284210526315789,0.015302923465205998,0.5318634423897581,0.538122332859175,0.5436699857752489,0.5288762446657184,0.4995732574679943,,balanced,3.0,5.0,0.0,
DecisionTreeClassifier,ccp_alpha=0.0005; class_weight=balanced; max_depth=3; min_samples_leaf=5,0.5284210526315789,0.015302923465205998,0.5318634423897581,0.538122332859175,0.5436699857752489,0.5288762446657184,0.4995732574679943,,balanced,3.0,5.0,0.0005,
DecisionTreeClassifier,ccp_alpha=0.001; class_weight=balanced; max_depth=3; min_samples_leaf=5,0.5284210526315789,0.015302923465205998,0.5318634423897581,0.538122332859175,0.5436699857752489,0.5288762446657184,0.4995732574679943,,balanced,3.0,5.0,0.001,
DecisionTreeClassifier,ccp_alpha=0.005; class_weight=balanced; max_depth=3; min_samples_leaf=5,0.5284210526315789,0.015302923465205998,0.5318634423897581,0.538122332859175,0.5436699857752489,0.5288762446657184,0.4995732574679943,,balanced,3.0,5.0,0.005,
DecisionTreeClassifier,ccp_alpha=0.01; class_weight=balanced; max_depth=3; min_samples_leaf=5,0.5284210526315789,0.015302923465205998,0.5318634423897581,0.538122332859175,0.5436699857752489,0.5288762446657184,0.4995732574679943,,balanced,3.0,5.0,0.01,
DecisionTreeClassifier,ccp_alpha=0.0; class_weight=None; max_depth=3; min_samples_leaf=10,0.5025604551920342,0.006556360442856722,0.5,0.5,0.4972972972972973,0.5155049786628734,0.5,,,3.0,10.0,0.0,
DecisionTreeClassifier,ccp_alpha=0.0005; class_weight=None; max_depth=3; min_samples_leaf=10,0.5025604551920342,0.006556360442856722,0.5,0.5,0.4972972972972973,0.5155049786628734,0.5,,,3.0,10.0,0.0005,
DecisionTreeClassifier,ccp_alpha=0.001; class_weight=None; max_depth=3; min_samples_leaf=10,0.5025604551920342,0.006556360442856722,0.5,0.5,0.4972972972972973,0.5155049786628734,0.5,,,3.0,10.0,0.001,
DecisionTreeClassifier,ccp_alpha=0.005; class_weight=None; max_depth=3; min_samples_leaf=10,0.5025604551920342,0.006556360442856722,0.5,0.5,0.4972972972972973,0.5155049786628734,0.5,,,3.0,10.0,0.005,
DecisionTreeClassifier,ccp_alpha=0.01; class_weight=None; max_depth=3; min_samples_leaf=10,0.5,0.0,0.5,0.5,0.5,0.5,0.5,,,3.0,10.0,0.01,
DecisionTreeClassifier,ccp_alpha=0.0; class_weight=balanced; max_depth=3; min_samples_leaf=10,0.52950213371266,0.01648711854915896,0.5318634423897581,0.538122332859175,0.5490753911806543,0.5288762446657184,0.4995732574679943,,balanced,3.0,10.0,0.0,
DecisionTreeClassifier,ccp_alpha=0.0005; class_weight=balanced; max_depth=3; min_samples_leaf=10,0.52950213371266,0.01648711854915896,0.5318634423897581,0.538122332859175,0.5490753911806543,0.5288762446657184,0.4995732574679943,,balanced,3.0,10.0,0.0005,
DecisionTreeClassifier,ccp_alpha=0.001; class_weight=balanced; max_depth=3; min_samples_leaf=10,0.52950213371266,0.01648711854915896,0.5318634423897581,0.538122332859175,0.5490753911806543,0.5288762446657184,0.4995732574679943,,balanced,3.0,10.0,0.001,
DecisionTreeClassifier,ccp_alpha=0.005; class_weight=balanced; max_depth=3; min_samples_leaf=10,0.52950213371266,0.01648711854915896,0.5318634423897581,0.538122332859175,0.5490753911806543,0.5288762446657184,0.4995732574679943,,balanced,3.0,10.0,0.005,
DecisionTreeClassifier,ccp_alpha=0.01; class_weight=balanced; max_depth=3; min_samples_leaf=10,0.5257183499288762,0.014729425793597989,0.5318634423897581,0.538122332859175,0.5328591749644381,0.5288762446657184,0.4968705547652916,,balanced,3.0,10.0,0.01,
DecisionTreeClassifier,ccp_alpha=0.0; class_weight=None; max_depth=5; min_samples_leaf=1,0.5056614509246088,0.009544542970545161,0.4972972972972973,0.4972972972972973,0.5,0.5128022759601707,0.5209103840682788,,,5.0,1.0,0.0,
DecisionTreeClassifier,ccp_alpha=0.0005; class_weight=None; max_depth=5; min_samples_leaf=1,0.5056614509246088,0.009544542970545161,0.4972972972972973,0.4972972972972973,0.5,0.5128022759601707,0.5209103840682788,,,5.0,1.0,0.0005,
DecisionTreeClassifier,ccp_alpha=0.001; class_weight=None; max_depth=5; min_samples_leaf=1,0.5056614509246088,0.009544542970545161,0.4972972972972973,0.4972972972972973,0.5,0.5128022759601707,0.5209103840682788,,,5.0,1.0,0.001,
DecisionTreeClassifier,ccp_alpha=0.005; class_weight=None; max_depth=5; min_samples_leaf=1,0.500398293029872,0.006433237046267145,0.4972972972972973,0.4972972972972973,0.4945945945945946,0.5128022759601707,0.5,,,5.0,1.0,0.005,
DecisionTreeClassifier,ccp_alpha=0.01; class_weight=None; max_depth=5; min_samples_leaf=1,0.5,0.0,0.5,0.5,0.5,0.5,0.5,,,5.0,1.0,0.01,
DecisionTreeClassifier,ccp_alpha=0.0; class_weight=balanced; max_depth=5; min_samples_leaf=1,0.5338833570412518,0.04767659546273678,0.5637268847795164,0.5163584637268848,0.5712660028449502,0.5704125177809388,0.44765291607396873,,balanced,5.0,1.0,0.0,
DecisionTreeClassifier,ccp_alpha=0.0005; class_weight=balanced; max_depth=5; min_samples_leaf=1,0.5338833570412518,0.04767659546273678,0.5637268847795164,0.5163584637268848,0.5712660028449502,0.5704125177809388,0.44765291607396873,,balanced,5.0,1.0,0.0005,
DecisionTreeClassifier,ccp_alpha=0.001; class_weight=balanced; max_depth=5; min_samples_leaf=1,0.5338833570412518,0.04767659546273678,0.5637268847795164,0.5163584637268848,0.5712660028449502,0.5704125177809388,0.44765291607396873,,balanced,5.0,1.0,0.001,
DecisionTreeClassifier,ccp_alpha=0.005; class_weight=balanced; max_depth=5; min_samples_leaf=1,0.5338833570412518,0.04767659546273678,0.5637268847795164,0.5163584637268848,0.5712660028449502,0.5704125177809388,0.44765291607396873,,balanced,5.0,1.0,0.005,
DecisionTreeClassifier,ccp_alpha=0.01; class_weight=balanced; max_depth=5; min_samples_leaf=1,0.5311806543385491,0.04669562653143681,0.5529160739687056,0.5136557610241821,0.5712660028449502,0.5704125177809388,0.44765291607396873,,balanced,5.0,1.0,0.01,
DecisionTreeClassifier,ccp_alpha=0.0; class_weight=None; max_depth=5; min_samples_leaf=5,0.4997155049786629,0.008454338123055636,0.5,0.4864864864864865,0.4972972972972973,0.5128022759601707,0.5019914651493599,,,5.0,5.0,0.0,
DecisionTreeClassifier,ccp_alpha=0.0005; class_weight=None; max_depth=5; min_samples_leaf=5,0.4997155049786629,0.008454338123055636,0.5,0.4864864864864865,0.4972972972972973,0.5128022759601707,0.5019914651493599,,,5.0,5.0,0.0005,
DecisionTreeClassifier,ccp_alpha=0.001; class_weight=None; max_depth=5; min_samples_leaf=5,0.4997155049786629,0.008454338123055636,0.5,0.4864864864864865,0.4972972972972973,0.5128022759601707,0.5019914651493599,,,5.0,5.0,0.001,
DecisionTreeClassifier,ccp_alpha=0.005; class_weight=None; max_depth=5; min_samples_leaf=5,0.49917496443812237,0.008331576468947248,0.5,0.4891891891891892,0.4918918918918919,0.5128022759601707,0.5019914651493599,,,5.0,5.0,0.005,
DecisionTreeClassifier,ccp_alpha=0.01; class_weight=None; max_depth=5; min_samples_leaf=5,0.5,0.0,0.5,0.5,0.5,0.5,0.5,,,5.0,5.0,0.01,
DecisionTreeClassifier,ccp_alpha=0.0; class_weight=balanced; max_depth=5; min_samples_leaf=5,0.5317211948790896,0.04810111719913343,0.5610241820768137,0.5136557610241821,0.5685633001422474,0.5704125177809388,0.444950213371266,,balanced,5.0,5.0,0.0,
DecisionTreeClassifier,ccp_alpha=0.0005; class_weight=balanced; max_depth=5; min_samples_leaf=5,0.5317211948790896,0.04810111719913343,0.5610241820768137,0.5136557610241821,0.5685633001422474,0.5704125177809388,0.444950213371266,,balanced,5.0,5.0,0.0005,
DecisionTreeClassifier,ccp_alpha=0.001; class_weight=balanced; max_depth=5; min_samples_leaf=5,0.5317211948790896,0.04810111719913343,0.5610241820768137,0.5136557610241821,0.5685633001422474,0.5704125177809388,0.444950213371266,,balanced,5.0,5.0,0.001,
DecisionTreeClassifier,ccp_alpha=0.005; class_weight=balanced; max_depth=5; min_samples_leaf=5,0.5317211948790896,0.04810111719913343,0.5610241820768137,0.5136557610241821,0.5685633001422474,0.5704125177809388,0.444950213371266,,balanced,5.0,5.0,0.005,
DecisionTreeClassifier,ccp_alpha=0.01; class_weight=balanced; max_depth=5; min_samples_leaf=5,0.5306401137980086,0.04748720470677353,0.5556187766714082,0.5136557610241821,0.5685633001422474,0.5704125177809388,0.444950213371266,,balanced,5.0,5.0,0.01,
DecisionTreeClassifier,ccp_alpha=0.0; class_weight=None; max_depth=5; min_samples_leaf=10,0.5118634423897582,0.015026239555198833,0.539118065433855,0.5,0.4972972972972973,0.5155049786628734,0.5073968705547653,,,5.0,10.0,0.0,
DecisionTreeClassifier,ccp_alpha=0.0005; class_weight=None; max_depth=5; min_samples_leaf=10,0.5118634423897582,0.015026239555198833,0.539118065433855,0.5,0.4972972972972973,0.5155049786628734,0.5073968705547653,,,5.0,10.0,0.0005,
DecisionTreeClassifier,ccp_alpha=0.001; class_weight=None; max_depth=5; min_samples_leaf=10,0.5118634423897582,0.015026239555198833,0.539118065433855,0.5,0.4972972972972973,0.5155049786628734,0.5073968705547653,,,5.0,10.0,0.001,
DecisionTreeClassifier,ccp_alpha=0.005; class_weight=None; max_depth=5; min_samples_leaf=10,0.5025604551920342,0.006556360442856722,0.5,0.5,0.4972972972972973,0.5155049786628734,0.5,,,5.0,10.0,0.005,
DecisionTreeClassifier,ccp_alpha=0.01; class_weight=None; max_depth=5; min_samples_leaf=10,0.5,0.0,0.5,0.5,0.5,0.5,0.5,,,5.0,10.0,0.01,
DecisionTreeClassifier,ccp_alpha=0.0; class_weight=balanced; max_depth=5; min_samples_leaf=10,0.5268563300142247,0.051224859280081136,0.5421052631578948,0.5136557610241821,0.5739687055476529,0.5704125177809388,0.4341394025604552,,balanced,5.0,10.0,0.0,
DecisionTreeClassifier,ccp_alpha=0.0005; class_weight=balanced; max_depth=5; min_samples_leaf=10,0.5268563300142247,0.051224859280081136,0.5421052631578948,0.5136557610241821,0.5739687055476529,0.5704125177809388,0.4341394025604552,,balanced,5.0,10.0,0.0005,
DecisionTreeClassifier,ccp_alpha=0.001; class_weight=balanced; max_depth=5; min_samples_leaf=10,0.5268563300142247,0.051224859280081136,0.5421052631578948,0.5136557610241821,0.5739687055476529,0.5704125177809388,0.4341394025604552,,balanced,5.0,10.0,0.001,
DecisionTreeClassifier,ccp_alpha=0.005; class_weight=balanced; max_depth=5; min_samples_leaf=10,0.5268563300142247,0.051224859280081136,0.5421052631578948,0.5136557610241821,0.5739687055476529,0.5704125177809388,0.4341394025604552,,balanced,5.0,10.0,0.005,
DecisionTreeClassifier,ccp_alpha=0.01; class_weight=balanced; max_depth=5; min_samples_leaf=10,0.5225320056899003,0.04907498711359827,0.5421052631578948,0.5136557610241821,0.5577524893314367,0.5677098150782361,0.43143669985775246,,balanced,5.0,10.0,0.01,
DecisionTreeClassifier,ccp_alpha=0.0; class_weight=None; max_depth=None; min_samples_leaf=1,0.5019630156472262,0.025166217968093672,0.5229018492176387,0.4776671408250356,0.5120910384068279,0.4668563300142248,0.530298719772404,,,,1.0,0.0,
DecisionTreeClassifier,ccp_alpha=0.0005; class_weight=None; max_depth=None; min_samples_leaf=1,0.5019630156472262,0.025166217968093672,0.5229018492176387,0.4776671408250356,0.5120910384068279,0.4668563300142248,0.530298719772404,,,,1.0,0.0005,
DecisionTreeClassifier,ccp_alpha=0.001; class_weight=None; max_depth=None; min_samples_leaf=1,0.5019630156472262,0.025166217968093672,0.5229018492176387,0.4776671408250356,0.5120910384068279,0.4668563300142248,0.530298719772404,,,,1.0,0.001,
DecisionTreeClassifier,ccp_alpha=0.005; class_weight=None; max_depth=None; min_samples_leaf=1,0.5107539118065434,0.016306950867680046,0.5229018492176387,0.4992887624466572,0.5310099573257467,0.4857752489331437,0.5147937411095306,,,,1.0,0.005,
DecisionTreeClassifier,ccp_alpha=0.01; class_weight=None; max_depth=None; min_samples_leaf=1,0.5,0.0,0.5,0.5,0.5,0.5,0.5,,,,1.0,0.01,
DecisionTreeClassifier,ccp_alpha=0.0; class_weight=balanced; max_depth=None; min_samples_leaf=1,0.5143669985775249,0.04119562568580703,0.5802275960170697,0.48307254623044094,0.5458036984352774,0.48036984352773826,0.48236130867709814,,balanced,,1.0,0.0,
DecisionTreeClassifier,ccp_alpha=0.0005; class_weight=balanced; max_depth=None; min_samples_leaf=1,0.5143669985775249,0.04119562568580703,0.5802275960170697,0.48307254623044094,0.5458036984352774,0.48036984352773826,0.48236130867709814,,balanced,,1.0,0.0005,
DecisionTreeClassifier,ccp_alpha=0.001; class_weight=balanced; max_depth=None; min_samples_leaf=1,0.5143669985775249,0.04119562568580703,0.5802275960170697,0.48307254623044094,0.5458036984352774,0.48036984352773826,0.48236130867709814,,balanced,,1.0,0.001,
DecisionTreeClassifier,ccp_alpha=0.005; class_weight=balanced; max_depth=None; min_samples_leaf=1,0.5147652916073968,0.041499369798688505,0.5802275960170697,0.4749644381223329,0.5431009957325748,0.4722617354196301,0.503271692745377,,balanced,,1.0,0.005,
DecisionTreeClassifier,ccp_alpha=0.01; class_weight=balanced; max_depth=None; min_samples_leaf=1,0.5574679943100996,0.0691372657418424,0.6550497866287339,0.5281650071123756,0.6051209103840682,0.5470839260312945,0.4519203413940256,,balanced,,1.0,0.01,
DecisionTreeClassifier,ccp_alpha=0.0; class_weight=None; max_depth=None; min_samples_leaf=5,0.5122332859174964,0.014105617768046332,0.520199146514936,0.49388335704125175,0.5275960170697013,0.49658605974395453,0.5229018492176387,,,,5.0,0.0,
DecisionTreeClassifier,ccp_alpha=0.0005; class_weight=None; max_depth=None; min_samples_leaf=5,0.5133143669985776,0.013031176365105515,0.520199146514936,0.49388335704125175,0.5275960170697013,0.5019914651493599,0.5229018492176387,,,,5.0,0.0005,
DecisionTreeClassifier,ccp_alpha=0.001; class_weight=None; max_depth=None; min_samples_leaf=5,0.5133143669985776,0.013031176365105515,0.520199146514936,0.49388335704125175,0.5275960170697013,0.5019914651493599,0.5229018492176387,,,,5.0,0.001,
DecisionTreeClassifier,ccp_alpha=0.005; class_weight=None; max_depth=None; min_samples_leaf=5,0.5135988620199148,0.018822436576127623,0.5283072546230441,0.5073968705547653,0.5384068278805121,0.510099573257468,0.4837837837837838,,,,5.0,0.005,
DecisionTreeClassifier,ccp_alpha=0.01; class_weight=None; max_depth=None; min_samples_leaf=5,0.5,0.0,0.5,0.5,0.5,0.5,0.5,,,,5.0,0.01,
DecisionTreeClassifier,ccp_alpha=0.0; class_weight=balanced; max_depth=None; min_samples_leaf=5,0.5363015647226174,0.05118012456464462,0.6294452347083925,0.5389758179231863,0.5342816500711237,0.4870554765291607,0.4917496443812233,,balanced,,5.0,0.0,
DecisionTreeClassifier,ccp_alpha=0.0005; class_weight=balanced; max_depth=None; min_samples_leaf=5,0.5363015647226174,0.05118012456464462,0.6294452347083925,0.5389758179231863,0.5342816500711237,0.4870554765291607,0.4917496443812233,,balanced,,5.0,0.0005,
DecisionTreeClassifier,ccp_alpha=0.001; class_weight=balanced; max_depth=None; min_samples_leaf=5,0.5363015647226174,0.05118012456464462,0.6294452347083925,0.5389758179231863,0.5342816500711237,0.4870554765291607,0.4917496443812233,,balanced,,5.0,0.001,
DecisionTreeClassifier,ccp_alpha=0.005; class_weight=balanced; max_depth=None; min_samples_leaf=5,0.5363015647226174,0.05118012456464462,0.6294452347083925,0.5389758179231863,0.5342816500711237,0.4870554765291607,0.4917496443812233,,balanced,,5.0,0.005,
DecisionTreeClassifier,ccp_alpha=0.01; class_weight=balanced; max_depth=None; min_samples_leaf=5,0.5421906116642958,0.05726826127733726,0.6125177809388336,0.5591749644381223,0.5889046941678521,0.4748221906116643,0.4755334281650071,,balanced,,5.0,0.01,
DecisionTreeClassifier,ccp_alpha=0.0; class_weight=None; max_depth=None; min_samples_leaf=10,0.5190042674253201,0.019291951212815794,0.547226173541963,0.5155049786628734,0.5046941678520626,0.5337126600284495,0.49388335704125175,,,,10.0,0.0,
DecisionTreeClassifier,ccp_alpha=0.0005; class_weight=None; max_depth=None; min_samples_leaf=10,0.5190042674253201,0.019291951212815794,0.547226173541963,0.5155049786628734,0.5046941678520626,0.5337126600284495,0.49388335704125175,,,,10.0,0.0005,
DecisionTreeClassifier,ccp_alpha=0.001; class_weight=None; max_depth=None; min_samples_leaf=10,0.5190042674253201,0.019291951212815794,0.547226173541963,0.5155049786628734,0.5046941678520626,0.5337126600284495,0.49388335704125175,,,,10.0,0.001,
DecisionTreeClassifier,ccp_alpha=0.005; class_weight=None; max_depth=None; min_samples_leaf=10,0.5003982930298719,0.008529823080630404,0.5,0.4891891891891892,0.4972972972972973,0.5155049786628734,0.5,,,,10.0,0.005,
DecisionTreeClassifier,ccp_alpha=0.01; class_weight=None; max_depth=None; min_samples_leaf=10,0.5,0.0,0.5,0.5,0.5,0.5,0.5,,,,10.0,0.01,
DecisionTreeClassifier,ccp_alpha=0.0; class_weight=balanced; max_depth=None; min_samples_leaf=10,0.5400284495021337,0.04598715722204742,0.5854907539118065,0.5436699857752489,0.5916073968705547,0.5092460881934566,0.4701280227596017,,balanced,,10.0,0.0,
DecisionTreeClassifier,ccp_alpha=0.0005; class_weight=balanced; max_depth=None; min_samples_leaf=10,0.5400284495021337,0.04598715722204742,0.5854907539118065,0.5436699857752489,0.5916073968705547,0.5092460881934566,0.4701280227596017,,balanced,,10.0,0.0005,
DecisionTreeClassifier,ccp_alpha=0.001; class_weight=balanced; max_depth=None; min_samples_leaf=10,0.5400284495021337,0.04598715722204742,0.5854907539118065,0.5436699857752489,0.5916073968705547,0.5092460881934566,0.4701280227596017,,balanced,,10.0,0.001,
DecisionTreeClassifier,ccp_alpha=0.005; class_weight=balanced; max_depth=None; min_samples_leaf=10,0.5346230440967283,0.04562120506053418,0.5854907539118065,0.5274537695590327,0.5862019914651493,0.5038406827880513,0.4701280227596017,,balanced,,10.0,0.005,
DecisionTreeClassifier,ccp_alpha=0.01; class_weight=balanced; max_depth=None; min_samples_leaf=10,0.5268847795163585,0.047628494198422786,0.6002844950213371,0.5186344238975817,0.553769559032717,0.5024182076813656,0.4593172119487909,,balanced,,10.0,0.01,
SVC,C=0.1; class_weight=None; kernel=linear,0.5025604551920342,0.011328476007733545,0.5,0.4891891891891892,0.5,0.5,0.5236130867709815,0.1,,,,,linear
SVC,C=0.1; class_weight=balanced; kernel=linear,0.6253200568990043,0.04365992998888334,0.6152204836415363,0.5807965860597439,0.5955903271692745,0.7062588904694167,0.6287339971550497,0.1,balanced,,,,linear
SVC,C=0.1; class_weight=None; kernel=rbf,0.5,0.0,0.5,0.5,0.5,0.5,0.5,0.1,,,,,rbf
SVC,C=0.1; class_weight=balanced; kernel=rbf,0.6040967283072547,0.045197243312853574,0.6096728307254623,0.5746799431009957,0.571977240398293,0.6900426742532005,0.5741109530583215,0.1,balanced,,,,rbf
SVC,C=1.0; class_weight=None; kernel=linear,0.5025604551920342,0.011328476007733545,0.5,0.4891891891891892,0.5,0.5,0.5236130867709815,1.0,,,,,linear
SVC,C=1.0; class_weight=balanced; kernel=linear,0.6077667140825035,0.052237779381961606,0.5780938833570413,0.5490753911806543,0.5874822190611664,0.7008534850640114,0.6233285917496444,1.0,balanced,,,,linear
SVC,C=1.0; class_weight=None; kernel=rbf,0.5,0.0,0.5,0.5,0.5,0.5,0.5,1.0,,,,,rbf
SVC,C=1.0; class_weight=balanced; kernel=rbf,0.5708961593172119,0.03751092479135019,0.5829302987197724,0.5694167852062589,0.5369843527738265,0.634850640113798,0.530298719772404,1.0,balanced,,,,rbf
SVC,C=5.0; class_weight=None; kernel=linear,0.5025604551920342,0.011328476007733545,0.5,0.4891891891891892,0.5,0.5,0.5236130867709815,5.0,,,,,linear
SVC,C=5.0; class_weight=balanced; kernel=linear,0.6088477951635847,0.05309940861836093,0.5753911806543386,0.5517780938833571,0.5874822190611664,0.703556187766714,0.6260312944523471,5.0,balanced,,,,linear
SVC,C=5.0; class_weight=None; kernel=rbf,0.5014793741109531,0.011645754267016348,0.4972972972972973,0.4972972972972973,0.4891891891891892,0.5236130867709815,0.5,5.0,,,,,rbf
SVC,C=5.0; class_weight=balanced; kernel=rbf,0.5201991465149359,0.023822275168388213,0.557325746799431,0.4884779516358464,0.5012802275960171,0.5283072546230441,0.5256045519203414,5.0,balanced,,,,rbf
