feature,missing_count,missing_share,missing_pct,fitted_on
KFK_BLOOD,1019,0.9990196078431373,99.90196078431373,final fit partition
IBS_NASL,982,0.9627450980392157,96.27450980392157,final fit partition
D_AD_KBRIG,648,0.6352941176470588,63.52941176470588,final fit partition
S_AD_KBRIG,648,0.6352941176470588,63.52941176470588,final fit partition
NOT_NA_KB,412,0.403921568627451,40.3921568627451,final fit partition
LID_KB,402,0.3941176470588235,39.411764705882355,final fit partition
NA_KB,392,0.3843137254901961,38.43137254901961,final fit partition
GIPER_NA,221,0.21666666666666667,21.666666666666668,final fit partition
NA_BLOOD,221,0.21666666666666667,21.666666666666668,final fit partition
K_BLOOD,218,0.21372549019607842,21.372549019607842,final fit partition
GIPO_K,217,0.21274509803921568,21.274509803921568,final fit partition
AST_BLOOD,167,0.16372549019607843,16.372549019607842,final fit partition
D_AD_ORIT,166,0.1627450980392157,16.274509803921568,final fit partition
S_AD_ORIT,166,0.1627450980392157,16.274509803921568,final fit partition
ALT_BLOOD,165,0.16176470588235295,16.176470588235293,final fit partition
DLIT_AG,157,0.153921568627451,15.392156862745098,final fit partition
ROE,118,0.11568627450980393,11.568627450980392,final fit partition
ritm_ecg_p_01,98,0.09607843137254903,9.607843137254903,final fit partition
ritm_ecg_p_02,98,0.09607843137254903,9.607843137254903,final fit partition
ritm_ecg_p_04,98,0.09607843137254903,9.607843137254903,final fit partition
ritm_ecg_p_06,98,0.09607843137254903,9.607843137254903,final fit partition
ritm_ecg_p_07,98,0.09607843137254903,9.607843137254903,final fit partition
ritm_ecg_p_08,98,0.09607843137254903,9.607843137254903,final fit partition
TIME_B_S,89,0.08725490196078431,8.72549019607843,final fit partition
L_BLOOD,79,0.07745098039215687,7.745098039215686,final fit partition
n_p_ecg_p_01,75,0.07352941176470588,7.352941176470589,final fit partition
n_p_ecg_p_03,75,0.07352941176470588,7.352941176470589,final fit partition
n_p_ecg_p_04,75,0.07352941176470588,7.352941176470589,final fit partition
n_p_ecg_p_05,75,0.07352941176470588,7.352941176470589,final fit partition
n_p_ecg_p_06,75,0.07352941176470588,7.352941176470589,final fit partition
n_p_ecg_p_07,75,0.07352941176470588,7.352941176470589,final fit partition
n_p_ecg_p_08,75,0.07352941176470588,7.352941176470589,final fit partition
n_p_ecg_p_09,75,0.07352941176470588,7.352941176470589,final fit partition
n_p_ecg_p_10,75,0.07352941176470588,7.352941176470589,final fit partition
n_p_ecg_p_11,75,0.07352941176470588,7.352941176470589,final fit partition
n_p_ecg_p_12,75,0.07352941176470588,7.352941176470589,final fit partition
n_r_ecg_p_01,75,0.07352941176470588,7.352941176470589,final fit partition
n_r_ecg_p_02,75,0.07352941176470588,7.352941176470589,final fit partition
n_r_ecg_p_03,75,0.07352941176470588,7.352941176470589,final fit partition
n_r_ecg_p_04,75,0.07352941176470588,7.352941176470589,final fit partition
n_r_ecg_p_05,75,0.07352941176470588,7.352941176470589,final fit partition
n_r_ecg_p_06,75,0.07352941176470588,7.352941176470589,final fit partition
n_r_ecg_p_08,75,0.07352941176470588,7.352941176470589,final fit partition
n_r_ecg_p_09,75,0.07352941176470588,7.352941176470589,final fit partition
n_r_ecg_p_10,75,0.07352941176470588,7.352941176470589,final fit partition
STENOK_AN,62,0.060784313725490195,6.078431372549019,final fit partition
inf_im,50,0.049019607843137254,4.901960784313726,final fit partition
ant_im,47,0.04607843137254902,4.6078431372549025,final fit partition
lat_im,44,0.043137254901960784,4.313725490196078,final fit partition
post_im,44,0.043137254901960784,4.313725490196078,final fit partition
FK_STENOK,39,0.03823529411764706,3.823529411764706,final fit partition
ZSN_A,35,0.03431372549019608,3.431372549019608,final fit partition
IBS_POST,28,0.027450980392156862,2.7450980392156863,final fit partition
nr_01,13,0.012745098039215686,1.2745098039215685,final fit partition
nr_02,13,0.012745098039215686,1.2745098039215685,final fit partition
nr_03,13,0.012745098039215686,1.2745098039215685,final fit partition
nr_04,13,0.012745098039215686,1.2745098039215685,final fit partition
nr_07,13,0.012745098039215686,1.2745098039215685,final fit partition
nr_08,13,0.012745098039215686,1.2745098039215685,final fit partition
nr_11,13,0.012745098039215686,1.2745098039215685,final fit partition
np_01,12,0.011764705882352941,1.1764705882352942,final fit partition
np_04,12,0.011764705882352941,1.1764705882352942,final fit partition
np_05,12,0.011764705882352941,1.1764705882352942,final fit partition
np_07,12,0.011764705882352941,1.1764705882352942,final fit partition
np_08,12,0.011764705882352941,1.1764705882352942,final fit partition
np_09,12,0.011764705882352941,1.1764705882352942,final fit partition
np_10,12,0.011764705882352941,1.1764705882352942,final fit partition
K_SH_POST,8,0.00784313725490196,0.7843137254901961,final fit partition
TIKL_S_n,8,0.00784313725490196,0.7843137254901961,final fit partition
TRENT_S_n,8,0.00784313725490196,0.7843137254901961,final fit partition
fibr_ter_01,8,0.00784313725490196,0.7843137254901961,final fit partition
fibr_ter_02,8,0.00784313725490196,0.7843137254901961,final fit partition
fibr_ter_03,8,0.00784313725490196,0.7843137254901961,final fit partition
fibr_ter_05,8,0.00784313725490196,0.7843137254901961,final fit partition
fibr_ter_06,8,0.00784313725490196,0.7843137254901961,final fit partition
fibr_ter_07,8,0.00784313725490196,0.7843137254901961,final fit partition
fibr_ter_08,8,0.00784313725490196,0.7843137254901961,final fit partition
AGE,7,0.006862745098039216,0.6862745098039216,final fit partition
ANT_CA_S_n,7,0.006862745098039216,0.6862745098039216,final fit partition
ASP_S_n,7,0.006862745098039216,0.6862745098039216,final fit partition
GEPAR_S_n,7,0.006862745098039216,0.6862745098039216,final fit partition
MP_TP_POST,7,0.006862745098039216,0.6862745098039216,final fit partition
FIB_G_POST,6,0.0058823529411764705,0.5882352941176471,final fit partition
GT_POST,6,0.0058823529411764705,0.5882352941176471,final fit partition
LID_S_n,6,0.0058823529411764705,0.5882352941176471,final fit partition
O_L_POST,6,0.0058823529411764705,0.5882352941176471,final fit partition
SVT_POST,6,0.0058823529411764705,0.5882352941176471,final fit partition
B_BLOK_S_n,5,0.004901960784313725,0.49019607843137253,final fit partition
GB,5,0.004901960784313725,0.49019607843137253,final fit partition
SIM_GIPERT,5,0.004901960784313725,0.49019607843137253,final fit partition
endocr_01,5,0.004901960784313725,0.49019607843137253,final fit partition
endocr_02,5,0.004901960784313725,0.49019607843137253,final fit partition
endocr_03,5,0.004901960784313725,0.49019607843137253,final fit partition
NITR_S,4,0.00392156862745098,0.39215686274509803,final fit partition
INF_ANAM,3,0.0029411764705882353,0.29411764705882354,final fit partition
zab_leg_01,3,0.0029411764705882353,0.29411764705882354,final fit partition
zab_leg_02,3,0.0029411764705882353,0.29411764705882354,final fit partition
zab_leg_03,3,0.0029411764705882353,0.29411764705882354,final fit partition
zab_leg_04,3,0.0029411764705882353,0.29411764705882354,final fit partition
zab_leg_06,3,0.0029411764705882353,0.29411764705882354,final fit partition
IM_PG_P,1,0.000980392156862745,0.09803921568627451,final fit partition
SEX,0,0.0,0.0,final fit partition
