feature,mean,std,lower_bound,upper_bound,n_clipped_below_training,n_clipped_above_training,n_clipped_training,pct_clipped_training,fitted_on
AGE,62.0578431372549,11.132073001820576,28.661624131793168,95.45406214271662,2,0,2,0.19607843137254902,final fit partition
S_AD_ORIT,133.92156862745097,27.789227116974292,50.55388727652809,217.28924997837385,8,8,16,1.5686274509803921,final fit partition
D_AD_ORIT,82.5,16.28755944695148,33.637321659145556,131.36267834085444,13,4,17,1.6666666666666667,final fit partition
K_BLOOD,4.170098039215686,0.6848694138516609,2.1154897976607034,6.224706280770668,0,11,11,1.0784313725490196,final fit partition
NA_BLOOD,136.2892156862745,5.631615627474267,119.3943688038517,153.1840625686973,5,5,10,0.9803921568627451,final fit partition
ALT_BLOOD,0.45687254901960783,0.34775308972674435,-0.5863867201606253,1.5001318181998409,0,29,29,2.843137254901961,final fit partition
AST_BLOOD,0.25068627450980396,0.17944828654656383,-0.2876585851298875,0.7890311341494954,0,18,18,1.7647058823529411,final fit partition
L_BLOOD,8.756656862745098,3.3116406193396672,-1.1782649952739046,18.6915787207641,0,16,16,1.5686274509803921,final fit partition
ROE,13.42156862745098,11.271766664509704,-20.39373136607813,47.23686862098009,0,16,16,1.5686274509803921,final fit partition
